Order Date,Account Name,Account Edition,Sold Price Item A,Sold Price Item B,List Price Item A,List Price Item B,Sector,Country,Account Segment,Listed,Incorrect,Total Item A Discount,Total Item B Discount,Overall Total Discount,Months,Quarter,Sector/Country/Edition/Quarter
1/5/2023,CN2,Deluxe,  506.00 ,  33.99 ,  763.85 ,  33.99 ,HealthCare,Australia,Small Business,Listed,FALSE,  257.85 ,  -   ,  257.85 ,1,Q1,"HealthCare,Australia,Deluxe,Q1"
1/9/2023,DE1,Classic,"  3,154.00 ",  154.00 ,"  6,524.00 ","  1,029.00 ",Professional & Consumer Services,UK,Mid Market,Listed,FALSE,"  3,370.00 ",  875.00 ,"  4,245.00 ",1,Q1,"Professional & Consumer Services,UK,Classic,Q1"
1/12/2023,DB7,Deluxe,  58.97 ,  29.00 ,  112.97 ,  29.00 ,Manufacturing,France,Small Business,Listed,FALSE,  54.00 ,  -   ,  54.00 ,1,Q1,"Manufacturing,France,Deluxe,Q1"
1/16/2023,CC9,Classic,  129.00 ,  29.00 ,  198.90 ,  29.00 ,Energy & Natural Resources,France,Small Business,Listed,FALSE,  69.90 ,  -   ,  69.90 ,1,Q1,"Energy & Natural Resources,France,Classic,Q1"
1/17/2023,DW1,Deluxe,"  1,921.20 ",  29.00 ,"  2,755.62 ",  29.00 ,"Transportation, Travel & Leisure",UK,Small Business,Listed,FALSE,  834.42 ,  -   ,  834.42 ,1,Q1,"Transportation, Travel & Leisure,UK,Deluxe,Q1"
1/18/2023,CB8,Classic,  358.94 ,  37.00 ,  470.69 ,  45.00 ,Education,UK,SOHO,Listed,FALSE,  111.75 ,  8.00 ,  119.75 ,1,Q1,"Education,UK,Classic,Q1"
1/23/2023,DN1,Classic,  39.00 ,  31.00 ,  48.99 ,  31.00 ,Professional & Consumer Services,UK,SOHO,Listed,FALSE,  9.99 ,  -   ,  9.99 ,1,Q1,"Professional & Consumer Services,UK,Classic,Q1"
1/25/2023,DV9,Classic,  137.00 ,  35.00 ,  232.88 ,  35.00 ,Retail & Consumer Products,UK,Small Business,Listed,FALSE,  95.88 ,  -   ,  95.88 ,1,Q1,"Retail & Consumer Products,UK,Classic,Q1"
1/31/2023,CO3,Classic,  238.85 ,  240.85 ,  283.85 ,  330.85 ,HealthCare,UK,SOHO,Listed,FALSE,  45.00 ,  90.00 ,  135.00 ,1,Q1,"HealthCare,UK,Classic,Q1"
1/31/2023,CT8,Classic,"  1,329.00 ",  31.00 ,"  2,377.50 ",  31.00 ,Manufacturing,UK,Small Business,Listed,FALSE,"  1,048.50 ",  -   ,"  1,048.50 ",1,Q1,"Manufacturing,UK,Classic,Q1"
1/31/2023,CZ5,Classic,  94.94 ,  31.00 ,  118.94 ,  31.00 ,Manufacturing,UK,SOHO,Listed,FALSE,  24.00 ,  -   ,  24.00 ,1,Q1,"Manufacturing,UK,Classic,Q1"
2/1/2023,CR6,Deluxe,"  2,027.00 ",  119.00 ,"  5,427.00 ",  119.00 ,Manufacturing,France,Mid Market,Listed,FALSE,"  3,400.00 ",  -   ,"  3,400.00 ",2,Q1,"Manufacturing,France,Deluxe,Q1"
2/6/2023,CV1,Deluxe,"  1,376.00 ",  29.00 ,"  2,478.50 ",  29.00 ,Manufacturing,Australia,Small Business,Listed,FALSE,"  1,102.50 ",  -   ,"  1,102.50 ",2,Q1,"Manufacturing,Australia,Deluxe,Q1"
2/10/2023,CP4,Classic,  798.30 ,  59.00 ,"  1,148.30 ",  89.00 ,High Tech,Germany,Small Business,Listed,FALSE,  350.00 ,  30.00 ,  380.00 ,2,Q1,"High Tech,Germany,Classic,Q1"
2/15/2023,CJ7,Classic,  348.80 ,  137.00 ,  561.87 ,  208.91 ,Financial Services,Australia,Small Business,Listed,FALSE,  213.07 ,  71.91 ,  284.98 ,2,Q1,"Financial Services,Australia,Classic,Q1"
2/16/2023,BZ6,Classic,"  1,709.35 ",  29.00 ,"  2,756.90 ",  29.00 ,Education,UK,Small Business,Listed,FALSE,"  1,047.55 ",  -   ,"  1,047.55 ",2,Q1,"Education,UK,Classic,Q1"
2/23/2023,DL8,Deluxe,"  1,191.55 ",  29.00 ,"  2,021.51 ",  29.00 ,Professional & Consumer Services,UK,Small Business,Listed,FALSE,  829.96 ,  -   ,  829.96 ,2,Q1,"Professional & Consumer Services,UK,Deluxe,Q1"
2/24/2023,DK7,Deluxe,"  1,752.62 ",  69.41 ,"  3,409.31 ",  73.91 ,Professional & Consumer Services,Australia,Mid Market,Listed,FALSE,"  1,656.69 ",  4.50 ,"  1,661.19 ",2,Q1,"Professional & Consumer Services,Australia,Deluxe,Q1"
2/28/2023,BU1,Classic,"  3,787.20 ",  375.70 ,"  5,725.20 ",  722.70 ,Construction & Real Estate,UK,Small Business,Listed,FALSE,"  1,938.00 ",  347.00 ,"  2,285.00 ",2,Q1,"Construction & Real Estate,UK,Classic,Q1"
2/28/2023,CU9,Classic,"  1,197.83 ",  29.00 ,"  1,782.83 ",  29.00 ,Manufacturing,UK,Small Business,Listed,FALSE,  585.00 ,  -   ,  585.00 ,2,Q1,"Manufacturing,UK,Classic,Q1"
2/28/2023,CY4,Classic,  302.68 ,  51.39 ,  479.89 ,  58.97 ,Manufacturing,Australia,Small Business,Listed,FALSE,  177.21 ,  7.58 ,  184.79 ,2,Q1,"Manufacturing,Australia,Classic,Q1"
2/28/2023,DA6,Classic,  103.36 ,  29.00 ,  110.98 ,  29.00 ,Manufacturing,Australia,SOHO,Listed,FALSE,  7.62 ,  -   ,  7.62 ,2,Q1,"Manufacturing,Australia,Classic,Q1"
2/28/2023,DP3,Classic,"  2,184.50 ",  574.00 ,"  5,874.50 ",  854.00 ,Public Sector,UK,Mid Market,Listed,FALSE,"  3,690.00 ",  280.00 ,"  3,970.00 ",2,Q1,"Public Sector,UK,Classic,Q1"
3/1/2023,CQ5,Classic,  226.44 ,  49.94 ,  356.92 ,  58.94 ,High Tech,Australia,Small Business,Listed,FALSE,  130.48 ,  9.00 ,  139.48 ,3,Q1,"High Tech,Australia,Classic,Q1"
3/2/2023,BW3,Classic,  628.00 ,  32.00 ,"  1,328.00 ",  35.00 ,Construction & Real Estate,UK,Mid Market,Listed,FALSE,  700.00 ,  3.00 ,  703.00 ,3,Q1,"Construction & Real Estate,UK,Classic,Q1"
3/7/2023,DI5,Classic,"  2,308.00 ",  29.00 ,"  3,828.00 ",  29.00 ,Professional & Consumer Services,Australia,Small Business,Listed,FALSE,"  1,520.00 ",  -   ,"  1,520.00 ",3,Q1,"Professional & Consumer Services,Australia,Classic,Q1"
3/8/2023,DQ4,Classic,  199.88 ,  29.00 ,  300.84 ,  29.00 ,Public Sector,UK,Small Business,Listed,FALSE,  100.96 ,  -   ,  100.96 ,3,Q1,"Public Sector,UK,Classic,Q1"
3/8/2023,DU8,Classic,  389.00 ,  29.00 ,  788.60 ,  29.00 ,Retail & Consumer Products,France,Mid Market,Listed,FALSE,  399.60 ,  -   ,  399.60 ,3,Q1,"Retail & Consumer Products,France,Classic,Q1"
3/9/2023,CE2,Deluxe,"  2,929.00 ","  5,051.00 ","  5,026.50 ","  5,051.00 ",Financial Services,UK,SOHO,Listed,FALSE,"  2,097.50 ",  -   ,"  2,097.50 ",3,Q1,"Financial Services,UK,Deluxe,Q1"
3/10/2023,DX2,Classic,  914.00 ,  31.00 ,"  1,797.82 ",  31.00 ,"Transportation, Travel & Leisure",UK,Mid Market,Listed,FALSE,  883.82 ,  -   ,  883.82 ,3,Q1,"Transportation, Travel & Leisure,UK,Classic,Q1"
3/12/2023,CA7,Classic,"  1,944.90 ",  29.00 ,"  3,513.15 ",  29.00 ,Education,Australia,Small Business,Listed,FALSE,"  1,568.25 ",  -   ,"  1,568.25 ",3,Q1,"Education,Australia,Classic,Q1"
3/13/2023,CD1,Deluxe,"  3,145.88 ",  158.00 ,"  8,449.88 ",  287.00 ,Financial Services,Germany,Mid Market,Listed,FALSE,"  5,304.00 ",  129.00 ,"  5,433.00 ",3,Q1,"Financial Services,Germany,Deluxe,Q1"
3/14/2023,CW2,Deluxe,  826.00 ,  29.00 ,"  1,358.76 ",  29.00 ,Manufacturing,Australia,Small Business,Listed,FALSE,  532.76 ,  -   ,  532.76 ,3,Q1,"Manufacturing,Australia,Deluxe,Q1"
3/17/2023,DC8,Classic,  80.92 ,  650.00 ,  114.92 ,  726.00 ,Nonprofit,UK,SOHO,Listed,FALSE,  34.00 ,  76.00 ,  110.00 ,3,Q1,"Nonprofit,UK,Classic,Q1"
3/20/2023,CL9,Classic,  679.00 ,  29.00 ,"  1,068.35 ",  29.00 ,HealthCare,UK,Small Business,Listed,FALSE,  389.35 ,  -   ,  389.35 ,3,Q1,"HealthCare,UK,Classic,Q1"
3/20/2023,DO2,Deluxe,"  19,307.00 ",  29.00 ,"  20,265.50 ",  29.00 ,Public Sector,UK,SOHO,Listed,FALSE,  958.50 ,  -   ,  958.50 ,3,Q1,"Public Sector,UK,Deluxe,Q1"
3/22/2023,DJ6,Deluxe,"  1,745.00 ",  50.00 ,"  3,703.25 ",  63.93 ,Professional & Consumer Services,Australia,Mid Market,Listed,FALSE,"  1,958.25 ",  13.93 ,"  1,972.18 ",3,Q1,"Professional & Consumer Services,Australia,Deluxe,Q1"
3/24/2023,DT7,Classic,"  2,983.00 ",  30.75 ,"  8,585.97 ",  33.99 ,Retail & Consumer Products,Australia,Majors,Listed,FALSE,"  5,602.97 ",  3.24 ,"  5,606.21 ",3,Q1,"Retail & Consumer Products,Australia,Classic,Q1"
3/25/2023,CH5,Classic,  812.20 ,  51.00 ,"  1,148.20 ",  73.00 ,Financial Services,UK,Small Business,Listed,FALSE,  336.00 ,  22.00 ,  358.00 ,3,Q1,"Financial Services,UK,Classic,Q1"
3/27/2023,CK8,Supreme,  139.97 ,  50.00 ,  148.97 ,  50.00 ,Financial Services,France,SOHO,Listed,FALSE,  9.00 ,  -   ,  9.00 ,3,Q1,"Financial Services,France,Supreme,Q1"
3/27/2023,DM9,Deluxe,  108.95 ,  29.00 ,  138.95 ,  29.00 ,Professional & Consumer Services,UK,SOHO,Listed,FALSE,  30.00 ,  -   ,  30.00 ,3,Q1,"Professional & Consumer Services,UK,Deluxe,Q1"
3/28/2023,DF2,Classic,"  1,996.21 ",  31.00 ,"  2,712.21 ",  31.00 ,Professional & Consumer Services,UK,Small Business,Listed,FALSE,  716.00 ,  -   ,  716.00 ,3,Q1,"Professional & Consumer Services,UK,Classic,Q1"
3/29/2023,DD9,Classic,"  6,679.58 ",  104.00 ,"  10,522.00 ",  104.00 ,Professional & Consumer Services,France,Small Business,Listed,FALSE,"  3,842.42 ",  -   ,"  3,842.42 ",3,Q1,"Professional & Consumer Services,France,Classic,Q1"
3/30/2023,CG4,Classic,  951.80 ,  80.00 ,"  1,566.97 ",  80.00 ,Financial Services,Germany,Small Business,Listed,FALSE,  615.17 ,  -   ,  615.17 ,3,Q1,"Financial Services,Germany,Classic,Q1"
3/31/2023,BV2,Classic,"  5,251.50 ",  543.81 ,"  9,526.50 ",  738.81 ,Construction & Real Estate,Australia,Small Business,Listed,FALSE,"  4,275.00 ",  195.00 ,"  4,470.00 ",3,Q1,"Construction & Real Estate,Australia,Classic,Q1"
3/31/2023,BX4,Classic,  952.56 ,  29.00 ,"  1,832.56 ",  29.00 ,Construction & Real Estate,Australia,Mid Market,Listed,FALSE,  880.00 ,  -   ,  880.00 ,3,Q1,"Construction & Real Estate,Australia,Classic,Q1"
3/31/2023,BY5,Deluxe,"  13,289.00 ",  31.00 ,"  26,535.74 ",  31.00 ,Education,UK,Mid Market,Listed,FALSE,"  13,246.74 ",  -   ,"  13,246.74 ",3,Q1,"Education,UK,Deluxe,Q1"
3/31/2023,CF3,Deluxe,"  3,027.00 ",  31.00 ,"  4,027.00 ",  31.00 ,Financial Services,UK,SOHO,Listed,FALSE,"  1,000.00 ",  -   ,"  1,000.00 ",3,Q1,"Financial Services,UK,Deluxe,Q1"
3/31/2023,CI6,Classic,  228.75 ,"  1,329.00 ",  428.75 ,"  3,204.00 ",Financial Services,UK,Mid Market,Listed,FALSE,  200.00 ,"  1,875.00 ","  2,075.00 ",3,Q1,"Financial Services,UK,Classic,Q1"
3/31/2023,CM1,Classic,  334.00 ,  29.00 ,  428.75 ,  29.00 ,HealthCare,UK,SOHO,Listed,FALSE,  94.75 ,  -   ,  94.75 ,3,Q1,"HealthCare,UK,Classic,Q1"
3/31/2023,CS7,Classic,"  2,067.58 ",  29.00 ,"  2,577.30 ",  29.00 ,Manufacturing,France,SOHO,Listed,FALSE,  509.72 ,  -   ,  509.72 ,3,Q1,"Manufacturing,France,Classic,Q1"
3/31/2023,CX3,Deluxe,  359.00 ,  198.99 ,  567.89 ,  363.99 ,Manufacturing,Australia,Small Business,Listed,FALSE,  208.89 ,  165.00 ,  373.89 ,3,Q1,"Manufacturing,Australia,Deluxe,Q1"
3/31/2023,DG3,Deluxe,"  2,907.40 ",  41.50 ,"  6,267.40 ",  53.95 ,Professional & Consumer Services,UK,Mid Market,Listed,FALSE,"  3,360.00 ",  12.45 ,"  3,372.45 ",3,Q1,"Professional & Consumer Services,UK,Deluxe,Q1"
3/31/2023,DH4,Deluxe,"  4,903.90 ",  30.00 ,"  10,141.57 ",  31.00 ,Professional & Consumer Services,UK,Mid Market,Listed,FALSE,"  5,237.67 ",  1.00 ,"  5,238.67 ",3,Q1,"Professional & Consumer Services,UK,Deluxe,Q1"
3/31/2023,DR5,Deluxe,"  3,726.60 ",  31.00 ,"  5,406.60 ",  31.00 ,Retail & Consumer Products,UK,Small Business,Listed,FALSE,"  1,680.00 ",  -   ,"  1,680.00 ",3,Q1,"Retail & Consumer Products,UK,Deluxe,Q1"
3/31/2023,DS6,Deluxe,"  6,902.50 ",  254.47 ,"  10,744.67 ",  308.47 ,Retail & Consumer Products,Australia,Small Business,Listed,FALSE,"  3,842.17 ",  54.00 ,"  3,896.17 ",3,Q1,"Retail & Consumer Products,Australia,Deluxe,Q1"
4/2/2023,BR7,Deluxe,  222.00 ,  29.00 ,  443.93 ,  29.00 ,"Transportation, Travel & Leisure",Australia,Mid Market,Listed,FALSE,  221.93 ,  -   ,  221.93 ,4,Q2,"Transportation, Travel & Leisure,Australia,Deluxe,Q2"
4/6/2023,A1,Deluxe,  52.98 ,  31.00 ,  72.98 ,  31.00 ,Construction & Real Estate,UK,SOHO,Listed,FALSE,  20.00 ,  -   ,  20.00 ,4,Q2,"Construction & Real Estate,UK,Deluxe,Q2"
4/12/2023,BS8,Classic,  601.00 ,  63.49 ,"  1,094.74 ",  73.94 ,"Transportation, Travel & Leisure",Australia,Small Business,Listed,FALSE,  493.74 ,  10.45 ,  504.19 ,4,Q2,"Transportation, Travel & Leisure,Australia,Classic,Q2"
4/14/2023,V4,Classic,"  19,732.25 ","  3,943.45 ","  52,558.49 ","  4,713.45 ",HealthCare,Australia,Mid Market,Listed,FALSE,"  32,826.24 ",  770.00 ,"  33,596.24 ",4,Q2,"HealthCare,Australia,Classic,Q2"
4/24/2023,H8,Deluxe,  60.99 ,"  10,283.00 ",  60.99 ,"  110,173.01 ",Education,France,Enterprise,Listed,FALSE,  -   ,"  99,890.01 ","  99,890.01 ",4,Q2,"Education,France,Deluxe,Q2"
4/24/2023,I9,Deluxe,  60.99 ,  532.00 ,  60.99 ,"  5,527.00 ",Education,France,Enterprise,Listed,FALSE,  -   ,"  4,995.00 ","  4,995.00 ",4,Q2,"Education,France,Deluxe,Q2"
4/24/2023,J1,Deluxe,  60.99 ,"  10,787.00 ",  60.99 ,"  110,677.01 ",Education,France,Enterprise,Listed,FALSE,  -   ,"  99,890.01 ","  99,890.01 ",4,Q2,"Education,France,Deluxe,Q2"
4/25/2023,BK9,Deluxe,  112.16 ,  29.00 ,  132.96 ,  29.00 ,Retail & Consumer Products,Germany,SOHO,Listed,FALSE,  20.80 ,  -   ,  20.80 ,4,Q2,"Retail & Consumer Products,Germany,Deluxe,Q2"
4/27/2023,U3,Classic,"  1,607.50 ",  74.00 ,"  3,185.23 ",  103.85 ,HealthCare,Australia,Mid Market,Listed,FALSE,"  1,577.73 ",  29.85 ,"  1,607.58 ",4,Q2,"HealthCare,Australia,Classic,Q2"
4/27/2023,Y7,Classic,  142.94 ,  31.00 ,  274.94 ,  33.99 ,Manufacturing,Australia,Small Business,Listed,FALSE,  132.00 ,  2.99 ,  134.99 ,4,Q2,"Manufacturing,Australia,Classic,Q2"
4/27/2023,AL2,Classic,  103.95 ,  29.00 ,  113.95 ,  29.00 ,Professional & Consumer Services,UK,SOHO,Listed,FALSE,  10.00 ,  -   ,  10.00 ,4,Q2,"Professional & Consumer Services,UK,Classic,Q2"
5/4/2023,BF4,Deluxe,"  4,926.00 ",  31.00 ,"  7,626.00 ",  31.00 ,Professional & Consumer Services,UK,Small Business,Listed,FALSE,"  2,700.00 ",  -   ,"  2,700.00 ",5,Q2,"Professional & Consumer Services,UK,Deluxe,Q2"
5/5/2023,AC2,Classic,  241.25 ,  31.00 ,  428.75 ,  31.00 ,Nonprofit,UK,Small Business,Listed,FALSE,  187.50 ,  -   ,  187.50 ,5,Q2,"Nonprofit,UK,Classic,Q2"
5/5/2023,BM2,Classic,  96.50 ,  29.00 ,  253.85 ,  29.00 ,Retail & Consumer Products,UK,Mid Market,Listed,FALSE,  157.35 ,  -   ,  157.35 ,5,Q2,"Retail & Consumer Products,UK,Classic,Q2"
5/14/2023,D4,Deluxe,  245.16 ,  29.99 ,  483.93 ,  33.99 ,Construction & Real Estate,Australia,Mid Market,Listed,FALSE,  238.77 ,  4.00 ,  242.77 ,5,Q2,"Construction & Real Estate,Australia,Deluxe,Q2"
5/21/2023,T2,Deluxe,"  1,226.00 ",  128.00 ,"  2,233.55 ",  209.00 ,HealthCare,Australia,Small Business,Listed,FALSE,"  1,007.55 ",  81.00 ,"  1,088.55 ",5,Q2,"HealthCare,Australia,Deluxe,Q2"
5/25/2023,K2,Classic,"  3,829.00 ",  33.99 ,"  9,027.00 ",  33.99 ,Education,Australia,Mid Market,Listed,FALSE,"  5,198.00 ",  -   ,"  5,198.00 ",5,Q2,"Education,Australia,Classic,Q2"
5/26/2023,B2,Deluxe,  118.94 ,  31.00 ,  160.94 ,  31.00 ,Construction & Real Estate,UK,SOHO,Listed,FALSE,  42.00 ,  -   ,  42.00 ,5,Q2,"Construction & Real Estate,UK,Deluxe,Q2"
5/26/2023,AD3,Deluxe,  43.99 ,  31.00 ,  55.99 ,  31.00 ,Professional & Consumer Services,UK,SOHO,Listed,FALSE,  12.00 ,  -   ,  12.00 ,5,Q2,"Professional & Consumer Services,UK,Deluxe,Q2"
5/26/2023,AF5,Deluxe,  73.97 ,  31.00 ,  94.97 ,  31.00 ,Professional & Consumer Services,UK,SOHO,Listed,FALSE,  21.00 ,  -   ,  21.00 ,5,Q2,"Professional & Consumer Services,UK,Deluxe,Q2"
5/26/2023,AH7,Deluxe,  73.97 ,  31.00 ,  94.97 ,  31.00 ,Professional & Consumer Services,UK,SOHO,Listed,FALSE,  21.00 ,  -   ,  21.00 ,5,Q2,"Professional & Consumer Services,UK,Deluxe,Q2"
5/26/2023,AI8,Deluxe,  88.96 ,  31.00 ,  116.96 ,  31.00 ,Professional & Consumer Services,UK,SOHO,Listed,FALSE,  28.00 ,  -   ,  28.00 ,5,Q2,"Professional & Consumer Services,UK,Deluxe,Q2"
5/26/2023,AM3,Deluxe,  103.95 ,  31.00 ,  138.95 ,  31.00 ,Professional & Consumer Services,UK,SOHO,Listed,FALSE,  35.00 ,  -   ,  35.00 ,5,Q2,"Professional & Consumer Services,UK,Deluxe,Q2"
5/26/2023,AN4,Deluxe,  103.95 ,  31.00 ,  138.95 ,  31.00 ,Professional & Consumer Services,UK,SOHO,Listed,FALSE,  35.00 ,  -   ,  35.00 ,5,Q2,"Professional & Consumer Services,UK,Deluxe,Q2"
5/26/2023,AO5,Deluxe,  118.94 ,  31.00 ,  160.94 ,  31.00 ,Professional & Consumer Services,UK,SOHO,Listed,FALSE,  42.00 ,  -   ,  42.00 ,5,Q2,"Professional & Consumer Services,UK,Deluxe,Q2"
5/26/2023,AQ7,Deluxe,  148.92 ,  31.00 ,  204.92 ,  31.00 ,Professional & Consumer Services,UK,SOHO,Listed,FALSE,  56.00 ,  -   ,  56.00 ,5,Q2,"Professional & Consumer Services,UK,Deluxe,Q2"
5/26/2023,AS9,Deluxe,  148.92 ,  31.00 ,  204.92 ,  31.00 ,Professional & Consumer Services,UK,SOHO,Listed,FALSE,  56.00 ,  -   ,  56.00 ,5,Q2,"Professional & Consumer Services,UK,Deluxe,Q2"
5/26/2023,AT1,Deluxe,  163.91 ,  31.00 ,  226.91 ,  31.00 ,Professional & Consumer Services,UK,SOHO,Listed,FALSE,  63.00 ,  -   ,  63.00 ,5,Q2,"Professional & Consumer Services,UK,Deluxe,Q2"
5/26/2023,AU2,Deluxe,  163.91 ,  31.00 ,  226.91 ,  31.00 ,Professional & Consumer Services,UK,SOHO,Listed,FALSE,  63.00 ,  -   ,  63.00 ,5,Q2,"Professional & Consumer Services,UK,Deluxe,Q2"
5/26/2023,AW4,Deluxe,  193.89 ,  31.00 ,  270.89 ,  31.00 ,Professional & Consumer Services,UK,Small Business,Listed,FALSE,  77.00 ,  -   ,  77.00 ,5,Q2,"Professional & Consumer Services,UK,Deluxe,Q2"
5/26/2023,AX5,Deluxe,  193.89 ,  31.00 ,  270.89 ,  31.00 ,Professional & Consumer Services,UK,Small Business,Listed,FALSE,  77.00 ,  -   ,  77.00 ,5,Q2,"Professional & Consumer Services,UK,Deluxe,Q2"
5/26/2023,AY6,Deluxe,  193.89 ,  31.00 ,  270.89 ,  31.00 ,Professional & Consumer Services,UK,Small Business,Listed,FALSE,  77.00 ,  -   ,  77.00 ,5,Q2,"Professional & Consumer Services,UK,Deluxe,Q2"
5/26/2023,AZ7,Deluxe,  208.88 ,  31.00 ,  292.88 ,  31.00 ,Professional & Consumer Services,UK,Small Business,Listed,FALSE,  84.00 ,  -   ,  84.00 ,5,Q2,"Professional & Consumer Services,UK,Deluxe,Q2"
5/26/2023,BA8,Deluxe,  223.87 ,  31.00 ,  314.87 ,  31.00 ,Professional & Consumer Services,UK,Small Business,Listed,FALSE,  91.00 ,  -   ,  91.00 ,5,Q2,"Professional & Consumer Services,UK,Deluxe,Q2"
5/26/2023,BB9,Deluxe,  238.86 ,  31.00 ,  336.86 ,  31.00 ,Professional & Consumer Services,UK,Small Business,Listed,FALSE,  98.00 ,  -   ,  98.00 ,5,Q2,"Professional & Consumer Services,UK,Deluxe,Q2"
5/26/2023,BL1,Deluxe,  163.91 ,  31.00 ,  226.91 ,  31.00 ,Retail & Consumer Products,UK,SOHO,Listed,FALSE,  63.00 ,  -   ,  63.00 ,5,Q2,"Retail & Consumer Products,UK,Deluxe,Q2"
5/27/2023,AE4,Deluxe,  43.99 ,  31.00 ,  55.99 ,  31.00 ,Professional & Consumer Services,UK,SOHO,Listed,FALSE,  12.00 ,  -   ,  12.00 ,5,Q2,"Professional & Consumer Services,UK,Deluxe,Q2"
5/27/2023,AV3,Deluxe,  178.90 ,  31.00 ,  248.90 ,  31.00 ,Professional & Consumer Services,UK,Small Business,Listed,FALSE,  70.00 ,  -   ,  70.00 ,5,Q2,"Professional & Consumer Services,UK,Deluxe,Q2"
5/28/2023,BN3,Classic,  580.52 ,  31.00 ,  796.52 ,  31.00 ,Retail & Consumer Products,UK,Small Business,Listed,FALSE,  216.00 ,  -   ,  216.00 ,5,Q2,"Retail & Consumer Products,UK,Classic,Q2"
5/30/2023,G7,Deluxe,"  2,779.00 ",  116.50 ,"  4,628.00 ",  163.85 ,Construction & Real Estate,Australia,Small Business,Listed,FALSE,"  1,849.00 ",  47.35 ,"  1,896.35 ",5,Q2,"Construction & Real Estate,Australia,Deluxe,Q2"
5/30/2023,AJ9,Deluxe,  88.96 ,  31.00 ,  116.96 ,  31.00 ,Professional & Consumer Services,UK,SOHO,Listed,FALSE,  28.00 ,  -   ,  28.00 ,5,Q2,"Professional & Consumer Services,UK,Deluxe,Q2"
5/30/2023,AK1,Deluxe,  88.96 ,  31.00 ,  116.96 ,  31.00 ,Professional & Consumer Services,UK,SOHO,Listed,FALSE,  28.00 ,  -   ,  28.00 ,5,Q2,"Professional & Consumer Services,UK,Deluxe,Q2"
5/30/2023,AR8,Deluxe,  148.92 ,  31.00 ,  204.92 ,  31.00 ,Professional & Consumer Services,UK,SOHO,Listed,FALSE,  56.00 ,  -   ,  56.00 ,5,Q2,"Professional & Consumer Services,UK,Deluxe,Q2"
5/30/2023,BC1,Deluxe,  598.62 ,  31.00 ,  826.62 ,  31.00 ,Professional & Consumer Services,UK,Small Business,Listed,FALSE,  228.00 ,  -   ,  228.00 ,5,Q2,"Professional & Consumer Services,UK,Deluxe,Q2"
5/31/2023,W5,Classic,"  6,037.00 ",  29.00 ,"  19,539.98 ",  29.00 ,HealthCare,UK,Majors,Listed,FALSE,"  13,502.98 ",  -   ,"  13,502.98 ",5,Q2,"HealthCare,UK,Classic,Q2"
5/31/2023,BE3,Classic,"  1,806.20 ",  41.00 ,"  3,147.20 ",  53.00 ,Professional & Consumer Services,Germany,Small Business,Listed,FALSE,"  1,341.00 ",  12.00 ,"  1,353.00 ",5,Q2,"Professional & Consumer Services,Germany,Classic,Q2"
5/31/2023,BI7,Classic,"  6,149.00 ",  718.00 ,"  30,611.00 ",  864.00 ,Public Sector,UK,Enterprise,Listed,FALSE,"  24,462.00 ",  146.00 ,"  24,608.00 ",5,Q2,"Public Sector,UK,Classic,Q2"
6/4/2023,BO4,Classic,"  1,049.00 ",  64.94 ,"  2,119.49 ",  73.94 ,Retail & Consumer Products,Australia,Mid Market,Listed,FALSE,"  1,070.49 ",  9.00 ,"  1,079.49 ",6,Q2,"Retail & Consumer Products,Australia,Classic,Q2"
6/5/2023,AG6,Deluxe,  73.97 ,  31.00 ,  94.97 ,  31.00 ,Professional & Consumer Services,UK,SOHO,Listed,FALSE,  21.00 ,  -   ,  21.00 ,6,Q2,"Professional & Consumer Services,UK,Deluxe,Q2"
6/5/2023,BG5,Deluxe,"  6,407.00 ",  694.00 ,"  15,241.60 ","  1,359.00 ",Professional & Consumer Services,Germany,Mid Market,Listed,FALSE,"  8,834.60 ",  665.00 ,"  9,499.60 ",6,Q2,"Professional & Consumer Services,Germany,Deluxe,Q2"
6/12/2023,O6,Classic,"  1,399.24 ",  995.44 ,"  5,403.88 ",  998.98 ,Financial Services,Australia,Mid Market,Listed,FALSE,"  4,004.64 ",  3.54 ,"  4,008.18 ",6,Q2,"Financial Services,Australia,Classic,Q2"
6/12/2023,P7,Classic,"  2,133.00 ","  1,244.00 ","  5,265.72 ","  1,379.00 ",Financial Services,UK,Mid Market,Listed,FALSE,"  3,132.72 ",  135.00 ,"  3,267.72 ",6,Q2,"Financial Services,UK,Classic,Q2"
6/12/2023,R9,Classic,"  4,383.00 ",  29.00 ,"  10,596.78 ",  29.00 ,Financial Services,UK,Mid Market,Listed,FALSE,"  6,213.78 ",  -   ,"  6,213.78 ",6,Q2,"Financial Services,UK,Classic,Q2"
6/16/2023,BQ6,Classic,"  1,647.95 ",  47.00 ,"  2,727.20 ",  59.00 ,Retail & Consumer Products,France,Small Business,Listed,FALSE,"  1,079.25 ",  12.00 ,"  1,091.25 ",6,Q2,"Retail & Consumer Products,France,Classic,Q2"
6/19/2023,BH6,Classic,  88.94 ,  29.00 ,  118.94 ,  29.00 ,Public Sector,UK,SOHO,Listed,FALSE,  30.00 ,  -   ,  30.00 ,6,Q2,"Public Sector,UK,Classic,Q2"
6/22/2023,AP6,Deluxe,  119.93 ,  30.95 ,  210.93 ,  32.00 ,Professional & Consumer Services,France,Small Business,Listed,FALSE,  91.00 ,  1.05 ,  92.05 ,6,Q2,"Professional & Consumer Services,France,Deluxe,Q2"
6/26/2023,C3,Classic,  749.00 ,  31.00 ,  988.40 ,  31.00 ,Construction & Real Estate,UK,SOHO,Listed,FALSE,  239.40 ,  -   ,  239.40 ,6,Q2,"Construction & Real Estate,UK,Classic,Q2"
6/28/2023,L3,Classic,"  8,989.00 ",  79.97 ,"  25,223.40 ",  88.97 ,Education,Australia,Mid Market,Listed,FALSE,"  16,234.40 ",  9.00 ,"  16,243.40 ",6,Q2,"Education,Australia,Classic,Q2"
6/28/2023,BT9,Classic,"  8,507.00 ",  49.00 ,"  20,463.78 ",  68.98 ,"Transportation, Travel & Leisure",Australia,Mid Market,Listed,FALSE,"  11,956.78 ",  19.98 ,"  11,976.76 ",6,Q2,"Transportation, Travel & Leisure,Australia,Classic,Q2"
6/29/2023,F6,Deluxe,"  1,630.60 ",  32.22 ,"  3,458.30 ",  33.99 ,Construction & Real Estate,Australia,Mid Market,Listed,FALSE,"  1,827.70 ",  1.77 ,"  1,829.47 ",6,Q2,"Construction & Real Estate,Australia,Deluxe,Q2"
6/29/2023,Q8,Supreme,"  3,779.00 ","  2,047.00 ","  11,276.50 ","  2,053.98 ",Financial Services,Australia,Mid Market,Listed,FALSE,"  7,497.50 ",  6.98 ,"  7,504.48 ",6,Q2,"Financial Services,Australia,Supreme,Q2"
6/29/2023,X6,Deluxe,"  30,928.16 ",  225.80 ,"  89,189.62 ",  508.04 ,HealthCare,Australia,Majors,Listed,FALSE,"  58,261.46 ",  282.24 ,"  58,543.70 ",6,Q2,"HealthCare,Australia,Deluxe,Q2"
6/30/2023,E5,Classic,  656.20 ,  31.00 ,  924.44 ,  31.00 ,Construction & Real Estate,UK,Small Business,Listed,FALSE,  268.24 ,  -   ,  268.24 ,6,Q2,"Construction & Real Estate,UK,Classic,Q2"
6/30/2023,M4,Classic,"  7,504.00 ","  3,404.00 ","  27,957.50 ","  5,729.00 ",Education,UK,Majors,Listed,FALSE,"  20,453.50 ","  2,325.00 ","  22,778.50 ",6,Q2,"Education,UK,Classic,Q2"
6/30/2023,N5,Deluxe,"  1,798.49 ",  88.97 ,"  2,854.58 ",  116.97 ,Energy & Natural Resources,UK,Small Business,Listed,FALSE,"  1,056.09 ",  28.00 ,"  1,084.09 ",6,Q2,"Energy & Natural Resources,UK,Deluxe,Q2"
6/30/2023,S1,Classic,  79.97 ,  32.00 ,  79.97 ,  32.00 ,HealthCare,France,SOHO,Listed,FALSE,  -   ,  -   ,  -   ,6,Q2,"HealthCare,France,Classic,Q2"
6/30/2023,Z8,Deluxe,"  1,121.50 ",  29.00 ,"  2,787.85 ",  29.00 ,Manufacturing,France,Mid Market,Listed,FALSE,"  1,666.35 ",  -   ,"  1,666.35 ",6,Q2,"Manufacturing,France,Deluxe,Q2"
6/30/2023,AA9,Classic,"  2,349.00 ",  48.95 ,"  7,227.40 ",  53.95 ,Manufacturing,Australia,Majors,Listed,FALSE,"  4,878.40 ",  5.00 ,"  4,883.40 ",6,Q2,"Manufacturing,Australia,Classic,Q2"
6/30/2023,AB1,Classic,"  2,137.99 ",  33.00 ,"  3,623.58 ",  35.00 ,Manufacturing,France,Small Business,Listed,FALSE,"  1,485.59 ",  2.00 ,"  1,487.59 ",6,Q2,"Manufacturing,France,Classic,Q2"
6/30/2023,BD2,Classic,"  1,279.19 ",  29.00 ,"  2,112.61 ",  29.00 ,Professional & Consumer Services,France,Small Business,Listed,FALSE,  833.42 ,  -   ,  833.42 ,6,Q2,"Professional & Consumer Services,France,Classic,Q2"
6/30/2023,BJ8,Classic,  38.00 ,"  1,898.00 ",  46.99 ,"  5,633.33 ",Retail & Consumer Products,France,Majors,Listed,FALSE,  8.99 ,"  3,735.33 ","  3,744.32 ",6,Q2,"Retail & Consumer Products,France,Classic,Q2"
6/30/2023,BP5,Classic,"  1,745.99 ",  36.50 ,"  2,517.34 ",  44.00 ,Retail & Consumer Products,France,Small Business,Listed,FALSE,  771.35 ,  7.50 ,  778.85 ,6,Q2,"Retail & Consumer Products,France,Classic,Q2"